,title,url
0,Tellow ft. Matt Sierra - If You Hold On,/watch?v=mOUJra_5-D8&list=PLgvhB6TRB-zbVDEDbFM2jjoEda9iqY7AR&index=1&pp=iAQB8AUB
1,When I Really Come Alive,/watch?v=zr0Rpm6CpOM&list=PLgvhB6TRB-zbVDEDbFM2jjoEda9iqY7AR&index=2&pp=iAQB8AUB
2,The Waiting Game,/watch?v=YFUAHPyRXPU&list=PLgvhB6TRB-zbVDEDbFM2jjoEda9iqY7AR&index=3&pp=iAQB8AUB
3,Don't Waste My Time,/watch?v=eRHbBC0EUVE&list=PLgvhB6TRB-zbVDEDbFM2jjoEda9iqY7AR&index=4&pp=iAQB8AUB
4,Know Me By Name,/watch?v=jDAF8vlmbrM&list=PLgvhB6TRB-zbVDEDbFM2jjoEda9iqY7AR&index=5&pp=iAQB8AUB
5,3D Print,/watch?v=thO1aXJg_ds&list=PLgvhB6TRB-zbVDEDbFM2jjoEda9iqY7AR&index=6&pp=iAQB8AUB
6,My Place,/watch?v=q2VTE_2AJt0&list=PLgvhB6TRB-zbVDEDbFM2jjoEda9iqY7AR&index=7&pp=iAQB8AUB
7,I'm Not Dreaming,/watch?v=Sh2OQhw8SAo&list=PLgvhB6TRB-zbVDEDbFM2jjoEda9iqY7AR&index=8&pp=iAQB8AUB
8,All My Time,/watch?v=BKhG6qgMKvc&list=PLgvhB6TRB-zbVDEDbFM2jjoEda9iqY7AR&index=9&pp=iAQB8AUB
9,Just Do It,/watch?v=kAAEb0L622Q&list=PLgvhB6TRB-zbVDEDbFM2jjoEda9iqY7AR&index=10&pp=iAQB8AUB
10,Someone I Used to Know,/watch?v=muZeD12cfGA&list=PLgvhB6TRB-zbVDEDbFM2jjoEda9iqY7AR&index=11&pp=iAQB8AUB
11,Every Second,/watch?v=cXf3do6ltzU&list=PLgvhB6TRB-zbVDEDbFM2jjoEda9iqY7AR&index=12&pp=iAQB8AUB
12,How to Carry On,/watch?v=dU7lp9PMtwY&list=PLgvhB6TRB-zbVDEDbFM2jjoEda9iqY7AR&index=13&pp=iAQB8AUB
13,Infinity,/watch?v=DAGygfOqi10&list=PLgvhB6TRB-zbVDEDbFM2jjoEda9iqY7AR&index=14&pp=iAQB8AUB
14,Think About You,/watch?v=atuS-ZYYT8M&list=PLgvhB6TRB-zbVDEDbFM2jjoEda9iqY7AR&index=15&pp=iAQB8AUB
15,I Don't Know What I'd Do Without You,/watch?v=BvwLFj175Is&list=PLgvhB6TRB-zbVDEDbFM2jjoEda9iqY7AR&index=16&pp=iAQB8AUB
16,Where We Started,/watch?v=PbxIqB0c2CM&list=PLgvhB6TRB-zbVDEDbFM2jjoEda9iqY7AR&index=17&pp=iAQB8AUB
